Week,Away Team,Home Team,Date,Time,Location
,,,,,,
,,,,,,
1,North Carolina,South Carolina,9/3/2015,6:00 PM,Neutral Field
1,Western Kentucky,Vanderbilt,9/3/2015,8:00 PM,
,,,,,,
1,Louisiana Monroe,Georgia,9/5/20152:00 PM,
1,Tennessee Martin,Ole Miss,9/5/20152:00 PM,
1,UTEP,Arkansas,9/5/2015,3:30 PM,
1,Louisville,Auburn,9/5/2015,3:30 PM,Neutral Field
1,SE Missouri State,Missouri,9/5/2015,4:00 PM,
1,Bowling Green,Tennessee,9/5/2015,4:00 PM,LP Field
1,LA Lafayette,Kentucky,9/5/2015,7:00 PM,
1,Arizona State,Texas A&M,9/5/2015,7:00 PM,Neutral Field
1,McNeese State,LSU,9/5/2015,7:30 PM,
1,New Mexico St.,Florida,9/5/2015,7:30 PM,
1,Wisconsin,Alabama,9/5/2015,8:00 PM,Neutral Field
1,MS. State,Southern MS.,9/5/20150:00 PM,
,,,,,,
,,,,,,
2,Missouri,Arkansas St.,2:00 PM,
2,Jacksonville St.,Auburn,2:00 PM,
2,Fresno State,Ole Miss,,3:30 PM,
2,Georgia,Vanderbilt,,3:30 PM,
2,Middle Tennessee,Alabama,,4:00 PM,
2,Toledo,Arkansas,,4:00 PM,Neutral Field
2,Oklahoma,Tennessee,,6:00 PM,
2,Ball State,Texas A&M,,7:00 PM,
2,East Carolina,Florida,,7:00 PM,
2,Kentucky,South Carolina,,7:30 PM,
2,LSU,MS. State,,9:15 PM,
,,,,,,
,,,,,,
3,Connecticut,Missouri,2:00 PM,
3,Nevada,Texas A&M,2:00 PM,
3,Auburn,LSU,,3:30 PM,
3,Northwestern St.,MS. State,,4:00 PM,
3,Austin Peay,Vanderbilt,,4:00 PM,
3,South Carolina,Georgia,,6:00 PM,
3,Texas Tech,Arkansas,,7:00 PM,
3,Western Carolina,Tennessee,,7:00 PM,
3,Florida,Kentucky,,7:30 PM,
3,Ole Miss,Alabama,,9:15 PM,
,,,,,,
,,,,,,
4,LA Monroe,Alabama,,,
4,Texas A&M,Arkansas,,,Neutral Field
4,MS. State,Auburn,,,
4,Tennessee,Florida,,,
4,Southern,Georgia,,,
4,Missouri,Kentucky,,,
4,Vanderbilt,Ole Miss,,,
4,UCF,South Carolina,,,
4,LSU,Syracuse,,,
,,,,,,
,,,,,,
5,San Jose State,Auburn,,,
5,Ole Miss,Florida,,,
5,Alabama,Georgia,,,
5,Eastern Kentucky,Kentucky,,,
5,Eastern Michigan,LSU,,,
5,South Carolina,Missouri,,,
5,Arkansas,Tennessee,,,
5,MS. State,Texas A&M,,,
5,Vanderbilt,Middle TN.,,7:00 PM,
,,,,,,
,,,,,,
6,Arkansas,Alabama,,,
6,Troy,MS. State,,,
6,Florida,Missouri,,,
6,New Mexico St.,Ole MIss,,,
6,LSU,South Carolina,,,
6,Georgia,Tennessee,,,
,,,,,,
,,,,,,
7,Auburn,Kentucky,,7:00 PM,
,,,,,,
7,Missouri,Georgia,,,
7,Florida,LSU,,,
7,Ole Miss,Memphis,,,
7,LA Tech,MS. State,,,
7,Vanderbilt,South Carolina,,,
7,Alabama,Texas A&M,,,
,,,,,,
,,,,,,
8,Tennessee,Alabama,,,
8,Auburn,Arkansas,,,
8,Western Kentucky,LSU,,,
8,Kentucky,MS. State,,,
8,Texas A&M,Ole Miss,,,
8,Missouri,Vanderbilt,,,
,,,,,,
,,,,,,
9,Vanderbilt,Houston,,,
9,Tennessee,Kentucky,,,
9,South Carolina,Texas A&M,,,
9,TN Martin,Arkansas,,,
9,Ole Miss,Auburn,,,
9,Florida,Georgia,,3:30 PM,
,,,,,,
,,,,,,
10,MS. State,Missouri,,9:00 PM,
,,,,,,
10,LSU,Alabama,,TBD,
10,Vanderbilt,Florida,,TBD,
10,Kentucky,Georgia,,TBD,
10,Arkansas,Ole Miss,,TBD,
10,South Carolina,Tennessee,,TBD,
10,Auburn,Texas A&M,,TBD,
,,,,,,
,,,,,,
11,Georgia,Auburn,,TBD,
11,Arkansas,LSU,,TBD,
11,Alabama,MS. State,,TBD,
11,Florida,South Carolina,,TBD,
11,North Texas,Tennessee,,TBD,
11,Western Carolina,Texas A&M,,TBD,
11,Kentucky,Vanderbilt,,TBD,
11,BYU,Missouri,,TBD,Neutral Field
,,,,,,
,,,,,,
12,Charleston Southern,Alabama,,TBD,
12,MS. State,Arkansas,,TBD,
12,Idaho,Auburn,,TBD,
12,Florida Atlantic,Florida,,TBD,
12,Georgia Southern,Georgia,,TBD,
12,Charlotte,Kentucky,,TBD,
12,Tennessee,Missouri,,TBD,
12,LSU,Ole Miss,,TBD,
12,The Citadel,South Carolina,,TBD,
12,Texas A&M,Vanderbilt,,TBD,
,,,,,,
,,,,,,
13,Missouri,Arkansas,,2:30 PM,
,,,,,
13,Alabama,Auburn,,TBD,
13,Florida State,Florida,,TBD,
13,Georgia,Georgia Tech,,TBD,
13,Louisville,Kentucky,,TBD,
13,Texas A&M,LSU,,TBD,
13,Ole Miss,MS. State,,TBD,
13,Clemson,South Carolina,,TBD,
13,Vanderbilt,Tennessee,,TBD,
